{"Right X negative angle":-14.833795013850317,"Left X negative angle":-14.833795013850317,"Right X positive angle":14.426592670979675,"Left X positive angle":14.426592670979675,"Right Y negative angle":-9.252077562326866,"Left Y negative angle":-20.745140388768913,"Right Y positive angle":20.745140388768913,"Left Y positive angle":9.252077562326866}