{"Right X negative angle":-8.808864265927863,"Left X negative angle":-8.808864265927863,"Right X positive angle":11.385041551246644,"Left X positive angle":11.385041551246644,"Right Y negative angle":-8.055401662049865,"Left Y negative angle":-12.387811634349022,"Right Y positive angle":12.387811634349022,"Left Y positive angle":7.732686980609415}