{"Right X negative angle":-10.60590631364553,"Left X negative angle":-11.094704684317636,"Right X positive angle":15.91140529531576,"Left X positive angle":15.91140529531576,"Right Y negative angle":-11.035641547861507,"Left Y negative angle":-15.542769857433814,"Right Y positive angle":15.542769857433814,"Left Y positive angle":11.035641547861507}