{"line_locationx_1":0.5141090494187017,"line_locationy_1":4.302899904134252,"line_locationx_2":0.30373676303439967,"line_locationy_2":4.552024980115663,"line_locationx_3":0.5085729366191148,"line_locationy_3":4.740252815301618,"line_locationx_4":0.78537857659846,"line_locationy_4":4.563097205714836,"line_locationx_5":-0.5141090494187017,"line_locationy_5":4.302899904134252,"line_locationx_6":-0.30373676303439967,"line_locationy_6":4.552024980115663,"line_locationx_7":-0.5085729366191148,"line_locationy_7":4.740252815301618,"line_locationx_8":-0.78537857659846,"line_locationy_8":4.563097205714836}