{"line_locationx_1":0.4545837968706208,"line_locationy_1":8.014026269991426,"line_locationx_2":0.2523467535183264,"line_locationy_2":8.243065813065108,"line_locationx_3":0.49600584189458463,"line_locationy_3":8.399007629625913,"line_locationx_4":0.7299185667357925,"line_locationy_4":8.211390131576195,"line_locationx_5":-0.4545837968706208,"line_locationy_5":8.014026269991426,"line_locationx_6":-0.2523467535183264,"line_locationy_6":8.243065813065108,"line_locationx_7":-0.49600584189458463,"line_locationy_7":8.399007629625913,"line_locationx_8":-0.7299185667357925,"line_locationy_8":8.211390131576195}