{
	"line_locationx_1":0.5086428406829266,
	"line_locationy_1":5.339759366959651,
	"line_locationx_2":0.28725910190427334,
	"line_locationy_2":5.49928584031961,
	"line_locationx_3":0.4663193733849836,
	"line_locationy_3":5.649859250428388,
	"line_locationx_4":0.7593270903534188,
	"line_locationy_4":5.515564046817856,
	"line_locationx_5":-0.5086428406829266,
	"line_locationy_5":5.339759366959651,
	"line_locationx_6":-0.28725910190427334,
	"line_locationy_6":5.49928584031961,
	"line_locationx_7":-0.4663193733849836,
	"line_locationy_7":5.649859250428388,
	"line_locationx_8":-0.7593270903534188,
	"line_locationy_8":5.515564046817856
}